{
  "name": "maphilight",
  "version": "1.3.0",
  "homepage": "http://davidlynch.org/js/maphilight",
  "description": "Maphilight is a jQuery plugin that adds visual hilights to image maps",
  "main": "jquery.maphilight.min.js",
  "keywords": [
    "maphilight",
    "map",
    "hilight",
    "image"
  ],
  "authors": [
    "David Lynch"
  ],
  "license": "MIT",
  "ignore": [
    "**/.*",
    "node_modules",
    "bower_components",
    "test",
    "tests"
  ],
  "_release": "1.3.0",
  "_resolution": {
    "type": "version",
    "tag": "v1.3.0",
    "commit": "eb58cc1c5cc5f7bcdc3350f27feb4cc58b75c6b4"
  },
  "_source": "https://github.com/markitosgv/maphilight.git",
  "_target": "^1.3.0",
  "_originalSource": "maphilight",
  "_direct": true
}